page_id;page_title;value_valid_from;area_total_km2;population_total;population_density_km2
6886;Chicago;2007-12-19T00:58:40.000000;606.2;2833321;4816
6886;Chicago;2007-12-26T14:19:36.000000;606.2;2833321;4816
6886;Chicago;2007-12-31T02:12:18.000000;606.2;2833321;4816
6886;Chicago;2008-01-04T12:39:30.000000;606.2;2833321;4816
6886;Chicago;2008-01-06T19:32:10.000000;606.2;2833321;4816
6886;Chicago;2008-01-07T18:11:47.000000;606.2;2833321;4816
6886;Chicago;2008-01-15T05:54:48.000000;606.2;2833321;4816
6886;Chicago;2008-01-25T01:59:53.000000;606.2;2833321;4816
6886;Chicago;2008-02-14T23:22:30.000000;606.2;2833321;4816
6886;Chicago;2008-02-24T03:59:21.000000;606.2;2833321;4816
6886;Chicago;2008-02-25T03:00:10.000000;606.2;2833321;4816
6886;Chicago;2008-02-26T18:50:12.000000;606.2;2833321;4816
6886;Chicago;2008-02-26T18:53:48.000000;606.2;2833321;4816
6886;Chicago;2008-02-26T19:12:01.000000;606.2;2833321;4816
6886;Chicago;2008-02-26T19:16:10.000000;606.2;2833321;4816
6886;Chicago;2008-02-28T13:49:48.000000;606.2;2833321;4816
6886;Chicago;2008-03-09T03:16:49.000000;606.2;2833321;4816
6886;Chicago;2008-03-12T01:56:13.000000;606.2;2833321;4816
6886;Chicago;2008-03-16T20:39:40.000000;606.2;2833321;4816
6886;Chicago;2008-04-09T18:39:34.000000;606.2;2833321;4816
6886;Chicago;2008-04-11T21:28:39.000000;606.2;4833321;4816
6886;Chicago;2008-04-11T21:31:24.000000;606.2;2833321;4816
6886;Chicago;2008-04-13T01:21:56.000000;606.2;2833321;4816
6886;Chicago;2008-04-18T01:02:26.000000;606.2;2833321;4816
6886;Chicago;2008-04-18T01:06:16.000000;606.2;2833321;4816
6886;Chicago;2008-04-24T15:21:44.000000;606.2;2833321;4816
6886;Chicago;2008-04-24T15:23:44.000000;606.2;2833321;4816
6886;Chicago;2008-05-09T19:53:11.000000;606.2;2833321;4816
6886;Chicago;2008-05-15T03:15:46.000000;606.2;2833321;4816
6886;Chicago;2008-05-17T15:42:25.000000;606.2;2833321;4816
6886;Chicago;2008-05-20T11:48:13.000000;606.2;2833321;4816
6886;Chicago;2008-05-28T21:12:36.000000;606.2;2833321;4816
6886;Chicago;2008-06-15T17:57:57.000000;606.2;2896016;4816
6886;Chicago;2008-06-15T17:59:11.000000;606.2;2873790;4816
6886;Chicago;2008-06-16T07:02:36.000000;606.2;2873790;4816
6886;Chicago;2008-06-16T07:03:45.000000;606.2;2873790;4816
6886;Chicago;2008-06-17T14:47:50.000000;606.2;2873790;4816
6886;Chicago;2008-06-19T14:09:07.000000;606.2;2833321;4816
6886;Chicago;2008-06-23T22:23:59.000000;606.2;2833321;4816
6886;Chicago;2008-06-23T22:31:35.000000;606.2;2833321;4816
6886;Chicago;2008-06-30T15:14:32.000000;606.2;2833321;4816
6886;Chicago;2008-06-30T22:10:02.000000;606.2;2833321;4816
6886;Chicago;2008-07-01T21:37:26.000000;606.2;2833321;4816
6886;Chicago;2008-07-10T15:48:18.000000;606.2;2833321;4816
6886;Chicago;2008-07-12T05:14:47.000000;606.2;2873790;4816
6886;Chicago;2008-07-12T05:17:39.000000;606.2;2833321;4816
6886;Chicago;2008-07-16T04:04:39.000000;606.2;2833321;4816
6886;Chicago;2008-07-16T04:06:23.000000;606.2;2833321;4816
6886;Chicago;2008-07-21T01:02:12.000000;606.2;2833321;4816
6886;Chicago;2008-08-07T07:49:42.000000;606.2;2833321;4816
6886;Chicago;2008-08-07T07:51:47.000000;606.2;2833321;4816
6886;Chicago;2008-08-08T00:19:13.000000;606.2;2833321;4816
6886;Chicago;2008-08-10T04:06:31.000000;606.2;2833321;4816
6886;Chicago;2008-08-12T10:37:05.000000;606.2;2833321;4816
6886;Chicago;2008-08-23T23:38:38.000000;606.2;5338229;4816
6886;Chicago;2008-08-24T00:09:23.000000;606.2;2833321;4816
6886;Chicago;2008-08-28T01:20:06.000000;606.2;4265321;4816
6886;Chicago;2008-08-28T02:43:19.000000;606.2;2833321;4816
6886;Chicago;2008-08-28T21:39:18.000000;606.2;4025321;4816
6886;Chicago;2008-08-28T21:44:12.000000;606.2;2833321;4816
6886;Chicago;2008-09-03T17:27:07.000000;606.2;2833321;4816
6886;Chicago;2008-09-11T04:31:33.000000;606.2;2873790;4816
6886;Chicago;2008-09-17T11:36:02.000000;606.2;2873790;4816
6886;Chicago;2008-09-20T16:27:24.000000;606.2;2873790;4816
6886;Chicago;2008-09-22T17:02:14.000000;606.2;2873790;4816
6886;Chicago;2008-09-29T09:16:58.000000;606.2;2873790;4816
6886;Chicago;2008-09-29T09:18:23.000000;606.2;2873790;4816
6886;Chicago;2008-09-29T14:38:41.000000;606.2;2836658;4816
6886;Chicago;2008-10-04T20:09:52.000000;606.2;2836658;4816
6886;Chicago;2008-10-17T02:35:53.000000;606.2;2836658;4816
6886;Chicago;2008-10-23T20:33:50.000000;606.2;2836658;4816
6886;Chicago;2008-10-30T12:21:07.000000;606.2;2836658;4816
6886;Chicago;2008-10-30T12:24:07.000000;606.2;2836658;4816
6886;Chicago;2008-10-30T18:27:37.000000;606.2;2836658;4816
6886;Chicago;2008-11-01T02:35:23.000000;606.2;2836658;4816
6886;Chicago;2008-11-02T23:36:52.000000;606.2;2836658;4816
6886;Chicago;2008-11-10T19:43:04.000000;606.2;2586258;4816
6886;Chicago;2008-11-10T19:46:57.000000;606.2;2836658;4816
6886;Chicago;2008-11-12T20:00:52.000000;606.2;2836658;4816
6886;Chicago;2008-11-13T07:34:15.000000;606.2;2836658;4816
6886;Chicago;2008-11-13T07:37:01.000000;606.2;2836658;4816
6886;Chicago;2008-11-25T03:48:39.000000;606.2;2873790;4816
6886;Chicago;2008-11-25T11:30:06.000000;606.2;2836658;4816
6886;Chicago;2008-11-25T22:52:19.000000;606.2;2836658;4816
6886;Chicago;2008-11-26T21:55:33.000000;606.2;2836658;4816
6886;Chicago;2008-11-30T06:29:24.000000;606.2;2936658;4816
6886;Chicago;2008-11-30T20:11:37.000000;606.2;9936658;4816
6886;Chicago;2008-11-30T20:12:40.000000;606.2;2936658;4816
6886;Chicago;2008-11-30T20:14:23.000000;606.2;2836658;4816
6886;Chicago;2008-12-01T14:24:12.000000;606.2;2836658;4816
6886;Chicago;2008-12-15T01:15:01.000000;606.2;2836658;4816
6886;Chicago;2008-12-15T01:17:24.000000;606.2;2836658;4816
6886;Chicago;2008-12-15T01:20:20.000000;606.2;2836658;4816
6886;Chicago;2008-12-15T21:28:24.000000;606.2;2836658;4816
6886;Chicago;2008-12-20T02:02:21.000000;606.2;2836658;4816
6886;Chicago;2008-12-21T19:23:49.000000;606.2;2836659;4816
6886;Chicago;2009-01-07T09:17:04.000000;606.2;2836659;4816
6886;Chicago;2009-01-14T19:49:42.000000;606.2;2836659;4816
6886;Chicago;2009-01-16T15:49:54.000000;606.2;2836659;4816
6886;Chicago;2009-01-16T15:55:55.000000;606.2;2836659;4816
6886;Chicago;2009-01-27T19:52:31.000000;606.2;2836659;4816
6886;Chicago;2009-02-04T21:00:50.000000;606.2;2836659;4816
6886;Chicago;2009-02-05T22:46:07.000000;606.2;2836659;4816
6886;Chicago;2009-02-06T19:27:26.000000;606.2;2000000;4816
6886;Chicago;2009-02-06T19:40:03.000000;606.2;2836659;4816
6886;Chicago;2009-02-08T23:55:04.000000;606.2;2836659;4816
6886;Chicago;2009-02-09T04:08:33.000000;606.2;2836659;4816
6886;Chicago;2009-02-11T01:10:13.000000;606.2;2836659;4816
6886;Chicago;2009-02-12T00:51:49.000000;606.2;100659;4816
6886;Chicago;2009-02-12T01:07:19.000000;606.2;2836659;4816
6886;Chicago;2009-02-13T01:42:00.000000;606.2;1836659;4816
6886;Chicago;2009-02-13T01:45:54.000000;606.2;2836659;4816
6886;Chicago;2009-02-13T01:49:38.000000;606.2;2000000;4816
6886;Chicago;2009-02-13T01:57:51.000000;606.2;1000000;4816
6886;Chicago;2009-02-13T01:59:48.000000;606.2;2836659;4816
6886;Chicago;2009-02-13T02:12:02.000000;606.2;999999;4816
6886;Chicago;2009-02-13T02:15:44.000000;606.2;2836659;4816
6886;Chicago;2009-02-14T22:28:43.000000;606.2;2836659;4816
6886;Chicago;2009-03-05T17:10:50.000000;606.2;2836659;4816
6886;Chicago;2009-03-05T17:12:13.000000;606.2;2836659;4816
6886;Chicago;2009-03-05T22:13:24.000000;606.2;2836659;4816
6886;Chicago;2009-03-07T05:16:38.000000;606.2;137729;4816
6886;Chicago;2009-03-07T09:05:09.000000;606.2;37;4816
6886;Chicago;2009-03-07T10:19:44.000000;606.2;2836659;4816
6886;Chicago;2009-03-16T13:43:32.000000;606.2;2836659;4816
6886;Chicago;2009-03-17T11:49:01.000000;606.2;2836659;4816
6886;Chicago;2009-03-17T11:50:25.000000;606.2;2836659;4816
6886;Chicago;2009-03-18T21:39:57.000000;606.2;836659;4816
6886;Chicago;2009-03-18T21:49:52.000000;606.2;2836659;4816
6886;Chicago;2009-03-18T22:48:09.000000;606.2;105000;4816
6886;Chicago;2009-03-18T22:50:34.000000;606.2;2836659;4816
6886;Chicago;2009-03-18T22:54:06.000000;606.2;105000;4816
6886;Chicago;2009-03-18T22:55:05.000000;606.2;2836659;4816
6886;Chicago;2009-04-01T02:05:09.000000;606.2;2734659;4816
6886;Chicago;2009-04-01T03:57:12.000000;606.2;2836659;4816
6886;Chicago;2009-04-19T18:29:37.000000;606.2;2836659;4816
6886;Chicago;2009-04-21T16:56:49.000000;606.2;2836658;4816
6886;Chicago;2009-04-21T19:11:32.000000;606.2;2836659;4816
6886;Chicago;2009-04-24T04:14:24.000000;606.2;836658;4816
6886;Chicago;2009-04-24T04:21:34.000000;606.2;2836659;4816
6886;Chicago;2009-04-28T19:45:52.000000;606.2;6236659;4816
6886;Chicago;2009-04-28T21:29:30.000000;606.2;2836659;4816
6886;Chicago;2009-05-17T13:37:50.000000;696.2;6836659;4816
6886;Chicago;2009-05-17T14:28:56.000000;606.2;2836659;4816
6886;Chicago;2009-05-18T15:59:05.000000;606.2;3236659;4816
6886;Chicago;2009-05-20T06:24:24.000000;606.2;2836659;4816
6886;Chicago;2009-06-06T12:02:34.000000;606.2;2436659;4816
6886;Chicago;2009-06-06T16:11:42.000000;606.2;2836659;4816
6886;Chicago;2009-06-14T16:11:15.000000;606.2;2836658;4816
6886;Chicago;2009-06-29T23:28:15.000000;606.2;2836658;4816
6886;Chicago;2009-07-01T05:29:12.000000;606.2;2853114;4816
6886;Chicago;2009-07-13T03:31:07.000000;606.2;2853114;4816
6886;Chicago;2009-08-15T00:06:17.000000;606.2;2853114;4816
6886;Chicago;2009-10-10T05:23:22.000000;606.2;2853114;4816
6886;Chicago;2009-10-11T07:20:13.000000;606.2;2241114;4816
6886;Chicago;2009-10-11T07:21:33.000000;606.2;2241114;4816
6886;Chicago;2009-10-11T07:37:15.000000;606.2;2853114;4816
6886;Chicago;2009-10-20T03:13:55.000000;606.2;2853114;4816
6886;Chicago;2009-11-04T02:27:06.000000;606.2;2853114;4816
6886;Chicago;2009-11-18T20:42:35.000000;606.2;2853114;4816
6886;Chicago;2009-11-20T09:56:42.000000;606.2;2853114;4816
6886;Chicago;2009-12-27T21:01:00.000000;606.2;2853114;4816
6886;Chicago;2009-12-31T02:11:26.000000;606.2;2853114;4816
6886;Chicago;2010-02-07T08:27:46.000000;606.2;28531140000;4816
6886;Chicago;2010-02-07T08:29:12.000000;606.2;2853114;4816
6886;Chicago;2010-02-09T19:08:50.000000;606.2;2853114;4816
6886;Chicago;2010-02-12T23:43:42.000000;606.2;2756935;4816
6886;Chicago;2010-02-16T05:16:18.000000;606.2;2856935;4816
6886;Chicago;2010-02-16T11:41:10.000000;606.2;2756935;4816
6886;Chicago;2010-02-17T03:14:00.000000;606.2;2853114;4816
6886;Chicago;2010-02-23T14:20:23.000000;606.2;2853114;4816
6886;Chicago;2010-02-28T15:45:03.000000;606.2;2853114;4816
6886;Chicago;2010-03-30T13:37:01.000000;606.2;2853114;4816
6886;Chicago;2010-05-17T13:36:37.000000;606.2;2853114;4816
6886;Chicago;2010-05-25T01:25:12.000000;606.2;2853114;4816
6886;Chicago;2010-06-18T20:33:53.000000;606.2;2853114;4816
6886;Chicago;2010-06-18T20:34:20.000000;606.2;2853114;4816
6886;Chicago;2010-06-28T16:15:58.000000;606.1;2853114;4816
6886;Chicago;2010-08-16T21:04:33.000000;606.1;2853114;4816
6886;Chicago;2010-08-17T00:47:43.000000;606.1;2853114;4816
6886;Chicago;2010-08-31T17:25:07.000000;606.1;2853114;4816
6886;Chicago;2010-09-06T00:50:32.000000;606.1;2653114;4816
6886;Chicago;2010-09-06T09:12:27.000000;606.1;2853114;4816
6886;Chicago;2010-12-07T17:04:52.000000;606.1;2853114;4816
6886;Chicago;2010-12-29T10:05:19.000000;606.1;2853114;4816
6886;Chicago;2011-01-14T15:13:38.000000;606.1;2853114;4816
6886;Chicago;2011-02-05T17:40:42.000000;606.1;2851268;4816
6886;Chicago;2011-02-07T20:17:25.000000;606.1;2851268;4816
6886;Chicago;2011-02-16T03:54:26.000000;606.1;2695598;4816
6886;Chicago;2011-02-20T10:11:13.000000;606.1;2695598;4447
6886;Chicago;2011-02-20T17:00:33.000000;606.1;2695598;4447
6886;Chicago;2011-02-20T17:11:30.000000;606.1;2695598;4447
6886;Chicago;2011-02-20T18:19:06.000000;606.1;2695598;4447
6886;Chicago;2011-02-28T06:29:53.000000;606.1;2695598;4447
6886;Chicago;2011-03-10T20:58:46.000000;606.1;2695598;4447
6886;Chicago;2011-08-09T18:44:47.000000;606.1;4695598;4447
6886;Chicago;2011-08-09T20:45:35.000000;606.1;2695598;4447
6886;Chicago;2011-08-22T15:13:23.000000;606.1;2695598;4447
6886;Chicago;2011-08-23T15:18:43.000000;606.1;2695598;4447
6886;Chicago;2011-08-23T15:20:45.000000;606.1;2695598;4447
6886;Chicago;2011-10-19T21:50:43.000000;606.1;12695598;4447
6886;Chicago;2011-10-19T21:53:31.000000;606.1;2695598;4447
6886;Chicago;2012-01-12T01:51:49.000000;606.1;2695598;4447
6886;Chicago;2012-01-20T02:53:49.000000;606.1;2700000;4447
6886;Chicago;2012-01-20T02:57:06.000000;606.1;2700000;4447
6886;Chicago;2012-01-20T17:09:04.000000;606.1;2695598;4447
6886;Chicago;2012-02-18T17:24:18.000000;606.1;2695598;4447
6886;Chicago;2012-03-02T23:40:55.000000;656.1;2695598;4447
6886;Chicago;2012-03-02T23:41:55.000000;606.1;2695598;4447
6886;Chicago;2012-03-31T17:57:32.000000;606.1;2853114;4447
6886;Chicago;2012-04-01T03:30:38.000000;606.1;2695598;4447
6886;Chicago;2012-04-26T21:01:22.000000;606.1;3852875;4447
6886;Chicago;2012-04-26T22:44:18.000000;606.1;2695598;4447
6886;Chicago;2012-05-16T01:48:02.000000;606.1;2695598;30729
6886;Chicago;2012-05-16T01:57:14.000000;606.1;2695598;4447
6886;Chicago;2012-05-24T01:43:25.000000;606.1;2695598;4447
6886;Chicago;2012-06-18T19:07:40.000000;606.1;2695598;4447
6886;Chicago;2012-07-10T12:35:30.000000;606.1;2707120;4447
6886;Chicago;2012-07-10T17:17:09.000000;606.1;2695598;4447
6886;Chicago;2012-07-24T23:31:53.000000;606.1;2695598;4447
6886;Chicago;2012-08-10T14:44:17.000000;606.1;2707120;4447
6886;Chicago;2012-08-11T20:03:30.000000;606.1;2707120;4447
6886;Chicago;2012-09-29T01:17:51.000000;606.1;2707120;4447
6886;Chicago;2012-10-09T22:59:21.000000;606.1;2707120;4447
6886;Chicago;2013-02-12T21:36:25.000000;606.1;2707120;4447
6886;Chicago;2013-02-12T21:36:54.000000;606.1;2707120;4447
6886;Chicago;2013-04-01T21:07:17.000000;606.1;2707120;4447
6886;Chicago;2013-04-17T22:09:53.000000;606.1;2874312;4447
6886;Chicago;2013-04-26T17:52:36.000000;606.1;2874312;4447
6886;Chicago;2013-05-08T15:32:14.000000;606.1;2707120;4447
6886;Chicago;2013-05-08T15:34:21.000000;606.1;2874312;4447
6886;Chicago;2013-05-08T15:35:54.000000;606.1;2074120;4447
6886;Chicago;2013-05-08T15:37:34.000000;606.1;2077120;4447
6886;Chicago;2013-05-08T15:44:06.000000;606.1;2695598;4447
6886;Chicago;2013-05-09T02:24:54.000000;606.1;2851268;4447
6886;Chicago;2013-05-09T02:41:20.000000;606.1;2707120;4447
6886;Chicago;2013-05-09T02:47:47.000000;606.1;2695598;4447
6886;Chicago;2013-05-09T02:54:41.000000;606.1;2707120;4447
6886;Chicago;2013-05-29T10:31:53.000000;606.1;2714856;4447
6886;Chicago;2013-05-29T14:13:09.000000;606.1;2707120;4447
6886;Chicago;2013-06-08T21:28:04.000000;606.1;7707120;4447
6886;Chicago;2013-06-09T02:04:42.000000;606.1;2707120;4447
6886;Chicago;2013-06-22T03:09:31.000000;606.1;2714856;4447
6886;Chicago;2013-08-12T15:49:31.000000;606.1;2714856;4447
6886;Chicago;2013-10-23T14:38:52.000000;606.1;2714856;4447
6886;Chicago;2013-10-28T14:26:21.000000;606.1;3;4447
6886;Chicago;2013-10-28T14:30:02.000000;606.1;2714856;4447
6886;Chicago;2013-12-22T07:34:37.000000;606.1;2714856;4447
6886;Chicago;2013-12-22T07:40:40.000000;606.3;2714856;4447
6886;Chicago;2013-12-22T07:41:36.000000;606.1;2714856;4447
6886;Chicago;2013-12-24T03:34:44.000000;606.1;15;4447
6886;Chicago;2013-12-24T03:39:44.000000;606.1;2714856;4447
6886;Chicago;2014-02-23T23:20:04.000000;606.1;2714856;4447
6886;Chicago;2014-05-01T04:56:38.000000;606.1;2714856;4447
6886;Chicago;2014-05-26T19:36:37.000000;606.1;2714856;4447
6886;Chicago;2014-06-06T19:35:38.000000;606.1;2718782;4447
6886;Chicago;2014-06-06T23:57:31.000000;606.1;2714856;4447
6886;Chicago;2014-06-10T23:32:16.000000;606.1;2695598;4447
6886;Chicago;2014-07-02T04:27:33.000000;606.1;2695598;4447
6886;Chicago;2014-07-02T05:00:41.000000;606.1;2695598;4447
6886;Chicago;2014-07-20T21:19:23.000000;606.1;2695598;4447
6886;Chicago;2014-07-21T16:36:10.000000;606.1;2695598;4447
6886;Chicago;2014-07-22T18:56:45.000000;606.1;2695598;4447
6886;Chicago;2014-07-29T17:47:37.000000;606.1;2695598;4447
6886;Chicago;2014-07-29T17:48:29.000000;606.1;2695598;4447
6886;Chicago;2014-10-13T08:05:30.000000;606.1;2821035;4447
6886;Chicago;2014-10-13T12:58:19.000000;606.1;2695598;4447
6886;Chicago;2015-03-16T22:15:28.000000;606.1;2695598;4447
6886;Chicago;2015-05-05T20:21:07.000000;606.1;2695598;4447
6886;Chicago;2015-06-21T08:48:35.000000;606.1;2695598;4447
6886;Chicago;2015-07-02T01:09:28.000000;606.1;2695598;333333333
6886;Chicago;2015-07-02T01:09:54.000000;606.1;2695598;4447
6886;Chicago;2015-07-02T01:12:42.000000;606.1;2695598;4447
6886;Chicago;2015-07-02T01:14:06.000000;606.1;2695598;4447
6886;Chicago;2015-07-11T01:34:10.000000;606.1;2695598;4447
6886;Chicago;2015-08-02T21:11:18.000000;606.1;2695598;4447
6886;Chicago;2015-08-02T21:12:10.000000;606.1;2695598;4447
6886;Chicago;2015-08-13T20:55:19.000000;606.1;2695598;4447
6886;Chicago;2015-08-23T05:58:52.000000;606.1;2695598;4447
6886;Chicago;2016-01-24T03:34:22.000000;606.1;2695598;4447
6886;Chicago;2016-03-15T15:46:59.000000;606.1;26;4447
6886;Chicago;2016-03-15T15:47:47.000000;606.1;2695598;4447
6886;Chicago;2016-06-13T17:51:03.000000;606.1;2695598;4447
6886;Chicago;2016-06-27T00:42:35.000000;606.1;2695598;4447
6886;Chicago;2016-07-29T19:39:16.000000;606.1;2695598;4447
6886;Chicago;2016-10-10T06:48:12.000000;606.1;2695598;4447
6886;Chicago;2016-10-10T06:48:40.000000;606.1;2695598;4447
6886;Chicago;2016-10-10T06:54:33.000000;606.1;2695598;4447
6886;Chicago;2016-10-10T06:54:52.000000;606.1;2695598;4447
6886;Chicago;2016-10-10T06:55:16.000000;606.1;2695598;4447
6886;Chicago;2016-10-10T06:55:31.000000;606.1;2695598;4447
6886;Chicago;2016-10-17T02:23:41.000000;606.1;2695598;4447
6886;Chicago;2016-11-13T22:51:54.000000;606.1;2695598;4447
6886;Chicago;2016-11-13T22:53:43.000000;606.1;2695598;4447
6886;Chicago;2016-11-22T23:12:41.000000;606.1;1;4447
6886;Chicago;2016-11-22T23:13:53.000000;606.1;2695598;4447
6886;Chicago;2017-01-02T02:06:01.000000;606.1;460000;4447
6886;Chicago;2017-01-02T05:51:21.000000;606.1;2695598;4447
6886;Chicago;2017-03-12T07:05:11.000000;606.1;2695598;4447
6886;Chicago;2017-04-15T19:45:13.000000;606.1;2001300;4447
6886;Chicago;2017-04-15T22:13:00.000000;606.1;2695598;4447
6886;Chicago;2017-06-29T23:53:08.000000;606.42;2695598;4594
6886;Chicago;2017-07-05T23:18:35.000000;606.42;2695598;4594
6886;Chicago;2017-07-20T20:13:19.000000;606.42;2695598;4594
6886;Chicago;2017-08-12T21:15:02.000000;606.42;2695598;4594
6886;Chicago;2017-08-12T21:32:57.000000;606.42;2695598;4594
6886;Chicago;2018-03-26T23:03:41.000000;606.42;2695598;4594
6886;Chicago;2018-05-14T23:11:41.000000;606.42;2695598;4594
6886;Chicago;2018-06-01T06:11:16.000000;606.42;2695598;4594
6886;Chicago;2018-06-01T06:13:39.000000;606.42;2695598;4594
6886;Chicago;2018-06-28T21:20:45.000000;606.42;2695598;4594
6886;Chicago;2018-07-17T19:34:34.000000;606.42;2695598;4594
6886;Chicago;2018-07-26T05:17:33.000000;606.42;2695598;4594
6886;Chicago;2018-07-26T05:17:57.000000;606.42;2695598;4594
6886;Chicago;2018-09-26T23:02:51.000000;606.0;2695598;4594
6886;Chicago;2018-09-30T23:43:19.000000;606.0;2695598;4594
6886;Chicago;2018-10-01T18:06:46.000000;606.0;2695598;4594
6886;Chicago;2019-02-06T19:56:49.000000;606.0;2695598;4594
6886;Chicago;2019-02-24T16:06:00.000000;606.0;2695598;4594
6886;Chicago;2019-02-24T16:12:27.000000;606.0;2695598;4594
6886;Chicago;2019-03-22T08:08:44.000000;606.0;2695598;4594
6886;Chicago;2019-04-05T08:40:22.000000;706.0;2695598;4594
6886;Chicago;2019-04-05T08:41:28.000000;606.0;2695598;4594
6886;Chicago;2019-08-11T23:21:39.000000;589.56;2695598;4594
110959;Chicago Heights, Illinois;2012-04-20T09:00:22.000000;;30276;
110959;Chicago Heights, Illinois;2013-02-08T14:39:37.000000;;30276;
110959;Chicago Heights, Illinois;2015-02-10T13:50:22.000000;;30276;
110959;Chicago Heights, Illinois;2017-06-30T00:38:06.000000;26.44;30276;1137
110960;Chicago Ridge, Illinois;2012-04-20T09:00:29.000000;;14127;
110960;Chicago Ridge, Illinois;2013-02-21T16:37:24.000000;;14305;
110960;Chicago Ridge, Illinois;2017-06-30T00:38:13.000000;5.87;14305;2424
111055;South Chicago Heights, Illinois;2017-06-30T13:04:44.000000;4.14;4139;1002
111134;West Chicago, Illinois;2012-04-20T09:15:25.000000;;23469;
111134;West Chicago, Illinois;2013-01-18T17:55:41.000000;;27086;
111134;West Chicago, Illinois;2013-03-29T23:28:51.000000;;270;
111134;West Chicago, Illinois;2013-03-29T23:29:03.000000;;27086;
111134;West Chicago, Illinois;2013-03-29T23:32:36.000000;;270;
111134;West Chicago, Illinois;2013-03-29T23:33:00.000000;;27086;
111134;West Chicago, Illinois;2013-03-29T23:34:49.000000;;270;
111134;West Chicago, Illinois;2013-03-29T23:35:17.000000;;27086;
111134;West Chicago, Illinois;2017-06-20T18:21:34.000000;;27086;
111134;West Chicago, Illinois;2017-06-30T13:22:20.000000;40.12;27086;694
111483;North Chicago, Illinois;2017-06-30T11:08:59.000000;20.72;32574;1448
8504;Dublin;2008-12-09T06:02:08.000000;114.99;505739;
8504;Dublin;2008-12-09T06:06:14.000000;114.99;505739;
8504;Dublin;2008-12-09T06:19:39.000000;114.99;505739;
8504;Dublin;2008-12-09T16:14:00.000000;114.99;505739;
8504;Dublin;2009-01-30T08:53:49.000000;114.99;505739;
8504;Dublin;2009-02-07T00:57:12.000000;114.99;505739;
8504;Dublin;2009-02-17T20:06:09.000000;115.0;505739;
8504;Dublin;2009-02-17T20:08:46.000000;114.99;505739;
8504;Dublin;2009-02-21T09:40:24.000000;115.0;505739;
8504;Dublin;2009-02-21T12:15:56.000000;114.99;505739;
8504;Dublin;2009-02-21T15:04:16.000000;115.0;505739;
8504;Dublin;2009-02-21T15:21:02.000000;114.99;505739;
8504;Dublin;2009-02-24T17:26:44.000000;115.0;505739;
8504;Dublin;2009-02-24T19:24:03.000000;115.0;1500000;
8504;Dublin;2009-02-24T19:41:22.000000;115.0;505739;
8504;Dublin;2009-02-24T20:35:48.000000;114.99;505739;
8504;Dublin;2009-02-25T10:49:31.000000;114.99;505739;
8504;Dublin;2009-02-25T10:50:02.000000;114.99;505739;
8504;Dublin;2009-04-18T14:22:08.000000;114.99;505739;
8504;Dublin;2009-04-18T14:27:19.000000;114.99;505739;
8504;Dublin;2009-04-18T14:39:39.000000;114.99;505739;
8504;Dublin;2009-04-18T14:45:13.000000;114.99;505739;
8504;Dublin;2009-04-20T21:54:38.000000;114.99;505739;
8504;Dublin;2009-04-28T16:23:06.000000;114.99;505739;
8504;Dublin;2009-05-06T19:30:53.000000;114.99;505739;
8504;Dublin;2009-06-18T14:46:52.000000;114.99;2000000;
8504;Dublin;2009-06-18T14:54:41.000000;114.99;505739;
8504;Dublin;2009-09-28T23:58:49.000000;114.99;505739;4398
8504;Dublin;2009-10-23T12:39:37.000000;114.99;505739;4398
8504;Dublin;2009-10-23T12:47:49.000000;114.99;505739;4398
8504;Dublin;2010-01-13T20:31:59.000000;114.99;505739;4398
8504;Dublin;2010-02-19T12:51:36.000000;114.99;1661185;4398
8504;Dublin;2010-02-19T12:52:50.000000;114.99;505739;4398
8504;Dublin;2010-02-19T14:20:44.000000;114.99;1661185;4398
8504;Dublin;2010-02-24T19:42:46.000000;114.99;1662536;4398
8504;Dublin;2010-02-24T19:43:34.000000;114.99;505739;4398
8504;Dublin;2010-02-24T22:48:28.000000;114.99;1661185;4398
8504;Dublin;2010-03-06T10:35:16.000000;114.99;505739;4398
8504;Dublin;2010-03-06T11:13:05.000000;114.99;1661185;4398
8504;Dublin;2010-03-06T11:15:21.000000;114.99;505739;4398
8504;Dublin;2010-04-07T13:25:46.000000;114.99;505739;4398
8504;Dublin;2010-04-26T21:08:11.000000;114.99;506211;4398
8504;Dublin;2010-05-25T13:58:44.000000;114.99;211;4398
8504;Dublin;2010-05-25T14:02:01.000000;114.99;506211;4398
8504;Dublin;2010-10-29T22:19:10.000000;114.99;1000000;4398
8504;Dublin;2010-10-29T22:28:29.000000;114.99;506211;4398
8504;Dublin;2010-12-06T12:11:46.000000;114.99;506211;4
8504;Dublin;2010-12-06T12:14:12.000000;114.99;506;4
8504;Dublin;2010-12-06T12:15:47.000000;114.99;506211;4398
8504;Dublin;2010-12-09T17:16:21.000000;114.99;506211;4398
8504;Dublin;2011-04-19T10:25:48.000000;114.99;2123211;9398
8504;Dublin;2011-04-19T10:26:44.000000;114.99;506211;4398
8504;Dublin;2011-05-16T11:55:31.000000;114.99;512315500752;4398
8504;Dublin;2011-05-16T12:09:04.000000;114.99;506211;4398
8504;Dublin;2011-06-30T12:34:05.000000;114.99;525383;4398
8504;Dublin;2011-08-31T19:32:12.000000;114.99;525383;4398
8504;Dublin;2012-02-13T21:11:18.000000;114.99;10525383;14398
8504;Dublin;2012-02-13T21:48:45.000000;114.99;525383;4398
8504;Dublin;2012-02-13T21:50:11.000000;114.99;10525383;14398
8504;Dublin;2012-02-13T21:52:17.000000;114.99;525383;4398
8504;Dublin;2012-03-29T14:00:34.000000;114.99;527612;4588
8504;Dublin;2012-04-08T01:17:31.000000;114.99;527612;4588
8504;Dublin;2012-07-26T17:46:30.000000;114.99;527612;4588
8504;Dublin;2012-07-26T18:10:05.000000;114.99;527612;4588
8504;Dublin;2012-12-07T19:53:05.000000;114.99;1527612;4588
8504;Dublin;2012-12-07T20:48:33.000000;114.99;527612;4588
8504;Dublin;2013-02-04T13:43:00.000000;114.99;527612;4588
8504;Dublin;2013-02-05T13:29:06.000000;114.99;527612;4588
8504;Dublin;2013-05-07T11:38:37.000000;114.99;585912;4588
8504;Dublin;2013-05-07T11:40:24.000000;383.99;585912;4588
8504;Dublin;2013-05-07T11:42:46.000000;114.99;527612;4588
8504;Dublin;2013-05-25T09:59:30.000000;114.99;696982;4588
8504;Dublin;2013-05-25T10:00:45.000000;114.99;696982;4588
8504;Dublin;2013-05-25T10:14:58.000000;114.99;527612;4588
8504;Dublin;2013-05-25T10:24:57.000000;114.99;525383;4588
8504;Dublin;2013-05-26T08:29:56.000000;114.99;585920;4588
8504;Dublin;2013-05-26T20:01:32.000000;114.99;525383;4588
8504;Dublin;2013-07-15T22:20:21.000000;114.99;525383;4588
8504;Dublin;2013-08-20T00:10:53.000000;114.99;525383;4588
8504;Dublin;2013-09-13T01:01:17.000000;114.99;525383;4588
8504;Dublin;2013-10-05T09:15:25.000000;114.99;1270481;8588
8504;Dublin;2013-10-05T09:18:44.000000;211.99;1270481;8588
8504;Dublin;2013-10-05T09:41:34.000000;114.99;525383;4588
8504;Dublin;2013-10-30T12:29:45.000000;211.99;752206;9588
8504;Dublin;2013-10-30T17:30:52.000000;114.99;525383;4588
8504;Dublin;2013-11-19T20:20:58.000000;114.99;925383;4588
8504;Dublin;2013-11-28T18:40:41.000000;114.99;525383;4588
8504;Dublin;2013-12-03T18:14:26.000000;249.99;928413;4588
8504;Dublin;2013-12-03T22:42:20.000000;114.99;525383;4588
8504;Dublin;2013-12-12T23:19:37.000000;114.99;1525383;4588
8504;Dublin;2013-12-12T23:52:32.000000;114.99;525383;4588
8504;Dublin;2014-01-16T13:57:51.000000;114.99;525383;4588
8504;Dublin;2014-01-31T19:51:32.000000;319.99;742188;4588
8504;Dublin;2014-01-31T19:51:50.000000;114.99;525383;4588
8504;Dublin;2014-04-09T21:08:55.000000;114.99;527612;4588
8504;Dublin;2014-08-30T18:26:43.000000;114.99;527612;4588
8504;Dublin;2014-09-18T18:12:56.000000;314.99;749841;4588
8504;Dublin;2014-09-18T19:20:29.000000;114.99;527612;4588
8504;Dublin;2014-10-07T14:28:00.000000;114.99;527612;4588
8504;Dublin;2014-10-09T12:16:32.000000;114.99;527612;4588
8504;Dublin;2015-03-28T23:46:23.000000;114.99;545700;4588
8504;Dublin;2015-03-28T23:54:21.000000;114.99;527612;4588
8504;Dublin;2015-05-07T14:08:08.000000;114.99;527612;4588
8504;Dublin;2015-05-17T21:33:28.000000;114.99;527612;4588
8504;Dublin;2015-11-10T16:51:16.000000;114.99;527612;4588
8504;Dublin;2016-03-30T13:15:49.000000;114.99;527612;4588
8504;Dublin;2016-04-24T15:41:56.000000;114.99;527612;4588
8504;Dublin;2016-06-27T19:38:46.000000;114.99;527612;4588
8504;Dublin;2016-07-09T17:16:03.000000;114.99;1110627;4588
8504;Dublin;2016-07-09T17:24:15.000000;114.99;527612;4588
8504;Dublin;2016-10-07T15:49:09.000000;114.99;553165;4588
8504;Dublin;2016-12-14T16:18:38.000000;114.99;553165;4588
8504;Dublin;2017-01-07T15:45:04.000000;114.99;553165;4811
8504;Dublin;2017-01-30T19:55:18.000000;11400.56;5053165;46811
8504;Dublin;2017-01-30T19:56:05.000000;114.99;553165;4811
8504;Dublin;2017-02-03T12:23:23.000000;114.99;553165;4811
8504;Dublin;2017-02-20T00:52:24.000000;114.99;590665;4811
8504;Dublin;2017-02-20T00:54:00.000000;114.99;553165;4811
8504;Dublin;2017-02-20T00:55:15.000000;174.99;553165;4811
8504;Dublin;2017-02-20T00:55:30.000000;114.99;553165;4811
8504;Dublin;2017-07-13T19:32:28.000000;114.99;753165;4811
8504;Dublin;2017-07-13T20:34:14.000000;114.99;553165;4811
8504;Dublin;2017-08-03T19:55:38.000000;114.99;78000;974811
8504;Dublin;2017-08-03T20:13:01.000000;114.99;553165;4811
8504;Dublin;2017-10-20T12:02:20.000000;114.99;553165;4811
8504;Dublin;2017-10-20T12:03:01.000000;114.99;553165;4811
8504;Dublin;2018-05-15T07:39:31.000000;114.99;553165;4811
8504;Dublin;2018-05-21T18:37:26.000000;114.99;553165;4811
8504;Dublin;2018-07-04T10:30:19.000000;114.99;553165;4811
8504;Dublin;2018-11-07T19:06:17.000000;114.99;600;4811
8504;Dublin;2018-11-07T19:07:56.000000;114.99;600;2
8504;Dublin;2018-11-07T19:45:18.000000;114.99;553165;4811
8504;Dublin;2018-12-24T01:20:27.000000;114.99;554554;4811
8504;Dublin;2019-01-09T10:11:14.000000;114.99;554554;4811
8504;Dublin;2019-01-24T07:31:55.000000;114.99;554554;4811
8504;Dublin;2019-03-17T15:12:48.000000;222.9;554554;4811
8504;Dublin;2019-03-17T15:14:07.000000;114.99;554554;4811
8504;Dublin;2019-05-04T14:36:48.000000;114.99;554554;4811
8504;Dublin;2019-05-16T09:24:44.000000;114.99;554554;4811
8504;Dublin;2019-05-23T13:20:02.000000;200.0;554554;4811
8504;Dublin;2019-05-23T13:22:33.000000;115.0;554554;4811
18110;Los Angeles;2007-12-26T14:16:21.000000;;3849368;
18110;Los Angeles;2007-12-26T15:56:43.000000;;3849368;
18110;Los Angeles;2008-01-08T21:54:50.000000;1290.6;3849368;3168
18110;Los Angeles;2008-01-20T05:36:34.000000;1290.6;3849368;3168
18110;Los Angeles;2008-01-20T17:05:46.000000;1290.6;3849368;3168
18110;Los Angeles;2008-01-24T19:05:29.000000;1290.6;3849368;3168
18110;Los Angeles;2008-01-26T06:21:08.000000;1290.6;3850380;3168
18110;Los Angeles;2008-01-26T06:45:59.000000;1290.6;4018080;3168
18110;Los Angeles;2008-01-29T01:29:28.000000;1290.6;4018080;3168
18110;Los Angeles;2008-01-29T03:48:12.000000;1290.6;3849378;3168
18110;Los Angeles;2008-01-29T04:10:03.000000;1290.6;4018080;3168
18110;Los Angeles;2008-01-30T04:25:09.000000;1290.6;3849378;3168
18110;Los Angeles;2008-01-30T05:16:25.000000;1290.6;4018080;3168
18110;Los Angeles;2008-01-30T05:42:09.000000;1290.6;3849378;3168
18110;Los Angeles;2008-02-13T04:06:48.000000;1290.6;4026000;3168
18110;Los Angeles;2008-02-13T16:39:17.000000;1290.6;3849378;3168
18110;Los Angeles;2008-02-21T01:37:56.000000;1290.6;3849378;3168
18110;Los Angeles;2008-02-28T13:50:11.000000;1290.6;3849378;3168
18110;Los Angeles;2008-02-29T15:46:01.000000;1290.6;3849378;3168
18110;Los Angeles;2008-03-08T21:52:26.000000;1290.6;3849378;3168
18110;Los Angeles;2008-03-08T21:52:47.000000;1290.6;3849378;3168
18110;Los Angeles;2008-03-10T23:51:52.000000;1290.6;1829378;3168
18110;Los Angeles;2008-03-10T23:54:34.000000;1290.6;3849378;3168
18110;Los Angeles;2008-03-13T19:04:11.000000;1290.6;3849378;3168
18110;Los Angeles;2008-03-19T13:08:55.000000;1290.6;3849378;3168
18110;Los Angeles;2008-03-19T13:09:29.000000;1290.6;3849378;3168
18110;Los Angeles;2008-03-21T23:48:11.000000;1290.6;3849378;3168
18110;Los Angeles;2008-03-21T23:48:48.000000;1290.6;3849378;3168
18110;Los Angeles;2008-03-23T09:33:50.000000;1290.6;3849378;3168
18110;Los Angeles;2008-04-09T16:14:42.000000;1290.6;3849378;3168
18110;Los Angeles;2008-04-09T23:09:10.000000;1290.6;25849378;3168
18110;Los Angeles;2008-04-09T23:09:40.000000;1290.6;3849378;3168
18110;Los Angeles;2008-04-21T19:01:48.000000;1290.6;3849378;3168
18110;Los Angeles;2008-04-22T15:02:55.000000;1290.6;3849378;3168
18110;Los Angeles;2008-05-09T07:05:24.000000;1290.6;3849379;3168
18110;Los Angeles;2008-05-09T07:05:50.000000;1290.6;3849378;3168
18110;Los Angeles;2008-05-09T07:08:31.000000;1290.6;3849378;3168
18110;Los Angeles;2008-05-09T07:10:55.000000;1290.6;3849378;3168
18110;Los Angeles;2008-05-17T05:52:49.000000;1290.6;3849378;3168
18110;Los Angeles;2008-05-18T05:05:37.000000;1290.6;3849378;3168
18110;Los Angeles;2008-05-22T19:07:53.000000;1290.6;3849378;3168
18110;Los Angeles;2008-06-11T08:41:08.000000;1290.6;3849378;3168
18110;Los Angeles;2008-06-11T21:52:20.000000;1290.6;1;3168
18110;Los Angeles;2008-06-11T21:52:31.000000;1290.6;3849378;3168
18110;Los Angeles;2008-06-13T21:13:49.000000;1290.6;3849378;3168
18110;Los Angeles;2008-06-29T04:52:34.000000;1290.6;3849378;3168
18110;Los Angeles;2008-07-03T04:36:56.000000;1290.6;3849378;3168
18110;Los Angeles;2008-07-08T10:57:40.000000;1290.6;3849378;3168
18110;Los Angeles;2008-07-11T03:49:54.000000;1290.6;3834340;3168
18110;Los Angeles;2008-07-12T05:32:53.000000;1290.6;3849378;3168
18110;Los Angeles;2008-07-19T06:36:13.000000;1290.6;849378;3168
18110;Los Angeles;2008-07-19T06:37:11.000000;1290.6;3849378;3168
18110;Los Angeles;2008-07-20T23:59:30.000000;1290.6;3849378;3168
18110;Los Angeles;2008-08-28T00:08:14.000000;1290.6;3849378;3168
18110;Los Angeles;2008-09-03T02:46:18.000000;1290.6;3849378;3168
18110;Los Angeles;2008-09-04T22:48:58.000000;1290.6;3849378;3168
18110;Los Angeles;2008-09-06T19:51:40.000000;1290.6;3849378;3168
18110;Los Angeles;2008-09-06T19:53:39.000000;1290.6;3849378;3168
18110;Los Angeles;2008-09-13T18:05:55.000000;1290.6;3849378;3168
18110;Los Angeles;2008-09-15T18:31:07.000000;1290.6;3849378;3168
18110;Los Angeles;2008-09-15T20:54:04.000000;1290.6;3849378;3168
18110;Los Angeles;2008-09-17T22:48:07.000000;1290.6;4045873;3168
18110;Los Angeles;2008-09-17T23:14:35.000000;1290.6;3849378;3168
18110;Los Angeles;2008-11-28T23:03:27.000000;1290.6;3849378;3168
18110;Los Angeles;2009-02-25T01:03:05.000000;1290.6;4045378;3168
18110;Los Angeles;2009-02-25T01:44:28.000000;1290.6;3849378;3168
18110;Los Angeles;2009-03-11T00:19:58.000000;1290.6;3849378;3168
18110;Los Angeles;2009-08-05T07:28:02.000000;1290.6;4018080;3168
18110;Los Angeles;2009-08-25T15:57:27.000000;1290.6;3833995;3168
18110;Los Angeles;2009-10-12T09:22:33.000000;1290.6;3833995;3168
18110;Los Angeles;2009-10-12T09:43:43.000000;1290.6;3833995;3168
18110;Los Angeles;2009-11-18T20:34:15.000000;1290.6;3833995;3168
18110;Los Angeles;2011-01-03T15:59:12.000000;1290.6;4094764;3168
18110;Los Angeles;2011-01-04T19:21:49.000000;1290.6;3833995;3168
18110;Los Angeles;2011-01-05T03:29:53.000000;1290.6;3833995;3168
18110;Los Angeles;2011-01-23T06:35:44.000000;1290.6;4065585;3168
18110;Los Angeles;2011-02-10T18:28:28.000000;1290.6;3833995;3168
18110;Los Angeles;2011-03-25T02:02:21.000000;1290.6;4094764;3168
18110;Los Angeles;2011-03-25T13:48:16.000000;1290.6;3833995;3168
18110;Los Angeles;2011-03-26T01:31:25.000000;1290.6;4065585;3168
18110;Los Angeles;2011-03-26T13:53:23.000000;1290.6;3833995;3168
18110;Los Angeles;2011-06-03T01:58:53.000000;1301.97;3792621;3168
18110;Los Angeles;2011-10-07T08:24:26.000000;1301.97;3792621;3168
18110;Los Angeles;2012-08-09T10:45:48.000000;1301.97;3792621;3168
18110;Los Angeles;2012-10-23T17:51:48.000000;1302.0;3792621;3168
18110;Los Angeles;2013-05-23T15:51:13.000000;1302.0;3857799;3168
18110;Los Angeles;2014-04-30T18:55:35.000000;1302.0;3904657;3168
18110;Los Angeles;2014-08-30T02:41:28.000000;1302.0;3884307;3168
18110;Los Angeles;2014-12-16T14:54:17.000000;1302.0;3884307;3168
18110;Los Angeles;2015-04-21T21:55:06.000000;1302.0;3884307;3168
18110;Los Angeles;2015-04-28T03:32:35.000000;1302.0;8675309;3168
18110;Los Angeles;2015-04-28T18:47:34.000000;1302.0;3884307;3168
18110;Los Angeles;2015-04-28T19:45:46.000000;1302.0;8675309;3168
18110;Los Angeles;2015-04-29T03:18:21.000000;1302.0;3884307;3168
18110;Los Angeles;2015-05-11T11:54:11.000000;1302.0;3884307;3168
18110;Los Angeles;2015-05-22T03:15:31.000000;1302.0;3884307;3168
18110;Los Angeles;2015-05-22T15:52:51.000000;1302.0;3928864;3168
18110;Los Angeles;2015-06-12T11:42:56.000000;132.0;3928864;3168
18110;Los Angeles;2015-06-12T11:53:51.000000;1302.0;3928864;3168
18110;Los Angeles;2015-10-10T07:16:31.000000;1302.0;3928864;3168
18110;Los Angeles;2015-10-26T19:28:50.000000;1302.0;152000;3168
18110;Los Angeles;2015-10-26T19:31:00.000000;1302.0;3928864;3168
18110;Los Angeles;2015-11-11T21:44:43.000000;1302.0;3928864;3168
18110;Los Angeles;2015-11-11T21:44:59.000000;1302.0;3928864;3168
18110;Los Angeles;2016-01-03T13:54:46.000000;1302.0;3928864;3168
18110;Los Angeles;2016-01-05T08:48:19.000000;1302.0;3928864;3168
18110;Los Angeles;2016-01-14T10:57:59.000000;1302.0;3928864;3168
18110;Los Angeles;2016-01-24T22:05:03.000000;1302.0;3928864;3168
18110;Los Angeles;2016-01-27T12:20:59.000000;1302.0;3928864;3168
18110;Los Angeles;2016-02-12T20:40:46.000000;1302.0;3928864;3168
18110;Los Angeles;2016-02-12T20:49:36.000000;1302.0;3928864;3168
18110;Los Angeles;2016-03-06T16:49:07.000000;1302.0;3928864;3168
18110;Los Angeles;2016-03-06T16:52:12.000000;1302.0;3928864;3168
18110;Los Angeles;2016-03-06T16:54:24.000000;1302.0;0;3168
18110;Los Angeles;2016-03-06T16:54:38.000000;1302.0;3928864;3168
18110;Los Angeles;2016-03-08T19:10:37.000000;1302.0;3928864;3168
18110;Los Angeles;2016-04-25T14:10:46.000000;1302.0;3928864;3168
18110;Los Angeles;2016-05-10T15:14:55.000000;1302.0;4030904;3168
18110;Los Angeles;2016-06-02T18:15:43.000000;1302.0;4030904;3168
18110;Los Angeles;2016-07-12T22:33:37.000000;1302.0;4030904;3168
18110;Los Angeles;2016-11-02T04:24:16.000000;1302.0;4030904;3168
18110;Los Angeles;2017-01-06T19:38:05.000000;1302.0;4030904;3168
18110;Los Angeles;2017-01-07T00:27:12.000000;1302.0;3971883;3168
18110;Los Angeles;2017-01-18T19:58:33.000000;1302.0;3971883;3168
18110;Los Angeles;2017-01-26T02:41:44.000000;1302.0;4031007;3168
18110;Los Angeles;2017-01-26T02:45:54.000000;1302.0;3971883;3168
18110;Los Angeles;2017-02-01T20:05:24.000000;1302.0;3971883;3168
18110;Los Angeles;2017-02-05T02:57:43.000000;1302.0;6971883;3168
18110;Los Angeles;2017-02-05T03:01:14.000000;1302.0;3971883;3168
18110;Los Angeles;2017-02-05T18:47:28.000000;1302.0;4971883;3168
18110;Los Angeles;2017-02-05T19:16:02.000000;1302.0;3971883;3168
18110;Los Angeles;2017-02-09T19:13:16.000000;1302.0;3971883;3168
18110;Los Angeles;2017-04-20T03:20:57.000000;1302.0;3971883;3168
18110;Los Angeles;2017-05-02T17:53:11.000000;1302.0;3971883;3168
18110;Los Angeles;2017-05-02T17:55:02.000000;1302.0;3971883;3168
18110;Los Angeles;2017-05-02T18:00:33.000000;1302.0;3971883;3168
18110;Los Angeles;2017-05-17T06:52:05.000000;1302.0;4042000;3168
18110;Los Angeles;2017-05-19T17:07:37.000000;1302.0;4042000;3168
18110;Los Angeles;2017-06-03T16:38:48.000000;1302.0;3976322;3168
18110;Los Angeles;2017-06-20T16:34:28.000000;1302.0;3792621;3168
18110;Los Angeles;2017-06-28T01:56:59.000000;1302.15;3792621;3054
18110;Los Angeles;2017-06-28T15:21:18.000000;1302.15;3792621;3275
18110;Los Angeles;2018-05-30T18:10:44.000000;1302.15;3792621;3275
18110;Los Angeles;2018-05-31T17:24:58.000000;1302.15;3792621;3275
18110;Los Angeles;2018-06-11T11:34:29.000000;1302.15;3792621;3275
18110;Los Angeles;2018-06-11T11:56:57.000000;1302.15;3792621;3275
18110;Los Angeles;2018-06-14T11:25:47.000000;1302.15;3792621;3275
18110;Los Angeles;2018-06-17T17:13:33.000000;1302.15;3792621;3275
18110;Los Angeles;2018-06-17T17:15:26.000000;1302.15;3792621;3275
18110;Los Angeles;2018-07-15T20:37:57.000000;1302.15;3792621;3275
18110;Los Angeles;2018-07-15T21:59:52.000000;1302.15;3792621;3275
18110;Los Angeles;2018-07-17T23:47:46.000000;1302.15;3792621;3275
18110;Los Angeles;2018-07-17T23:48:22.000000;1302.15;3792621;3275
18110;Los Angeles;2018-07-18T07:29:20.000000;1302.15;3792621;3275
18110;Los Angeles;2018-07-18T07:56:21.000000;1302.15;3792621;3275
18110;Los Angeles;2018-07-24T22:01:24.000000;1302.15;3792621;3275
18110;Los Angeles;2018-07-24T22:07:10.000000;1302.15;3792621;3275
18110;Los Angeles;2018-08-16T02:34:51.000000;1302.15;3999759;3275
18110;Los Angeles;2018-08-16T16:32:28.000000;1302.15;3792621;3275
18110;Los Angeles;2018-10-16T18:43:29.000000;1302.0;3999759;3275
18110;Los Angeles;2018-10-17T03:55:29.000000;1302.15;3792621;3275
18110;Los Angeles;2018-10-18T00:51:15.000000;1302.15;3792621;3275
18110;Los Angeles;2018-11-06T17:20:30.000000;1302.0;3999759;3275
18110;Los Angeles;2018-11-06T17:27:10.000000;1302.15;3792621;3275
18110;Los Angeles;2018-11-08T21:40:44.000000;1302.15;3792621;3275
18110;Los Angeles;2018-12-04T17:06:37.000000;1302.15;3792621;3275
18110;Los Angeles;2019-01-31T14:01:26.000000;1302.15;3792621;3275
18110;Los Angeles;2019-05-20T08:42:33.000000;1302.15;3792621;3275
18110;Los Angeles;2019-06-12T17:23:33.000000;1302.15;3792621;3275
18110;Los Angeles;2019-06-12T17:26:48.000000;1302.15;3792621;3275
18110;Los Angeles;2019-08-12T00:26:25.000000;1302.15;3792621;3275
79734;Los Angeles County, California;2011-06-15T18:37:13.000000;;9818605;
79734;Los Angeles County, California;2012-04-30T06:41:29.000000;;9889056;
79734;Los Angeles County, California;2013-03-09T13:49:01.000000;;9889056;
79734;Los Angeles County, California;2013-03-14T19:50:37.000000;;9962789;
79734;Los Angeles County, California;2014-05-26T21:39:54.000000;;10017068;
79734;Los Angeles County, California;2015-04-07T17:54:04.000000;;9818605;
79734;Los Angeles County, California;2015-09-09T14:08:00.000000;;9818605;
79734;Los Angeles County, California;2017-03-26T22:57:04.000000;;9818605;
79734;Los Angeles County, California;2017-08-14T21:55:50.000000;;9818605;
79734;Los Angeles County, California;2017-08-14T21:58:01.000000;;9818605;
79734;Los Angeles County, California;2017-08-14T21:58:27.000000;;9818605;
79734;Los Angeles County, California;2017-08-14T21:59:21.000000;;9818605;
79734;Los Angeles County, California;2017-08-14T21:59:49.000000;;9818605;
79734;Los Angeles County, California;2018-04-18T22:37:55.000000;;9818605;
79734;Los Angeles County, California;2019-08-09T02:10:21.000000;;9818605;
79734;Los Angeles County, California;2019-08-09T05:16:47.000000;;9818605;
